INSERT INTO CLIENTE(CODCLI, CPF, NOME, SOBRENOME, EMAIL, DATA_NASCIMENTO, PONTOS, SEXO, END_RUA, END_NUM, END_BAIRRO, END_CIDADE, END_CEP, DATA_INDICACAO, CLIENTE_INDICA)
VALUES(CLIENTE_SEQ.NEXTVAL, '24209926876', 'Maria', 'Silva', 'mariasilva@gmail.com', '01-27-2002', 5, 'F', 'Rua Tenente Aécio Lemes de Souza', '165', 'Jardim Paulista', 'São José dos Campos', '12216240', '11-23-2020', NULL);
INSERT INTO CLIENTE(CODCLI, CPF, NOME, SOBRENOME, EMAIL, DATA_NASCIMENTO, PONTOS, SEXO, END_RUA, END_NUM, END_BAIRRO, END_CIDADE, END_CEP, DATA_INDICACAO, CLIENTE_INDICA)
VALUES(CLIENTE_SEQ.NEXTVAL, '06294984238', 'Paulo', 'Pereira', 'paulopereira@hotmail.com', '03-18-1990', 2, 'M', 'Travessa Oitava da Setentrional', '72B', 'Araxá', 'Macapá', '68903777', '01-06-2021', 1);
INSERT INTO CLIENTE(CODCLI, CPF, NOME, SOBRENOME, EMAIL, DATA_NASCIMENTO, SEXO, END_RUA, END_NUM, END_BAIRRO, END_CIDADE, END_CEP, DATA_INDICACAO, CLIENTE_INDICA)
VALUES(CLIENTE_SEQ.NEXTVAL, '68732856172', 'Rodrigo', 'Ferraz', 'rodriguinhoferraz@yahoo.com', '03-18-2004', 'M', 'Rua Brasilândia', '14', 'Tiradentes', 'Campo Grande', '79041050', '05-24-2023', 1);
INSERT INTO CLIENTE(CODCLI, CPF, NOME, SOBRENOME, EMAIL, DATA_NASCIMENTO, PONTOS, SEXO, END_RUA, END_NUM, END_BAIRRO, END_CIDADE, END_CEP, DATA_INDICACAO, CLIENTE_INDICA)
VALUES(CLIENTE_SEQ.NEXTVAL, '18966241115', 'Ana Clara', 'Brito', 'anabrito@outlook.com', '07-15-2001', 1, 'F', 'Quadra QNM 7', '18C', 'Ceilândia Sul', 'Brasília', '72215070', '04-19-2021', 2);
INSERT INTO CLIENTE(CODCLI, CPF, NOME, SOBRENOME, EMAIL, DATA_NASCIMENTO, SEXO, END_RUA, END_NUM, END_BAIRRO, END_CIDADE, END_CEP, DATA_INDICACAO, CLIENTE_INDICA)
VALUES(CLIENTE_SEQ.NEXTVAL, '66551649157', 'João Victor', 'Abrantes', 'victorabrantes@icloud.com', '02-29-1996', 'M', 'Quadra EQNN 22/24 Bloco F', '07F', 'Ceilândia Sul', 'Brasília', '72220576', '08-27-2022', 1);
INSERT INTO CLIENTE(CODCLI, CPF, NOME, SOBRENOME, EMAIL, DATA_NASCIMENTO, SEXO, END_RUA, END_NUM, END_BAIRRO, END_CIDADE, END_CEP, DATA_INDICACAO, CLIENTE_INDICA)
VALUES(CLIENTE_SEQ.NEXTVAL, '45752587174', 'Maria', 'Medeiros', 'maria123@gmail.com', '06-14-1980', 'F', 'Rua ED 7', '195', 'Setor Estrela Dalva', 'Goiânia', '74475744', '12-07-2021', 2);
INSERT INTO CLIENTE(CODCLI, CPF, NOME, SOBRENOME, EMAIL, DATA_NASCIMENTO, SEXO, END_RUA, END_NUM, END_BAIRRO, END_CIDADE, END_CEP, DATA_INDICACAO, CLIENTE_INDICA)
VALUES(CLIENTE_SEQ.NEXTVAL, '64166272306', 'Adolfo', 'Araújo', 'adolfoaraujo@hotmail.com', '09-03-1982', 'M', 'Rua Projetada 84', 'S/N', 'Conduru', 'Picos', '64608370', '01-05-2023', 1);
INSERT INTO CLIENTE(CODCLI, CPF, NOME, SOBRENOME, EMAIL, DATA_NASCIMENTO, PONTOS, SEXO, END_RUA, END_NUM, END_BAIRRO, END_CIDADE, END_CEP, DATA_INDICACAO, CLIENTE_INDICA)
VALUES(CLIENTE_SEQ.NEXTVAL, '21670177742', 'Stefany', 'Medeiros', 'stefanymedeiros123@gmail.com', '11-17-2002', 1, 'F', 'Rua Joaquim Gomes Ferreira', '203', 'Vargem Grande', 'Rio de Janeiro', '22785660', '04-25-2022', 4);
INSERT INTO CLIENTE(CODCLI, CPF, NOME, SOBRENOME, EMAIL, DATA_NASCIMENTO, SEXO, END_RUA, END_NUM, END_BAIRRO, END_CIDADE, END_CEP, DATA_INDICACAO, CLIENTE_INDICA)
VALUES(CLIENTE_SEQ.NEXTVAL, '85750624765', 'Joaquim', 'Felix', 'joaquimfelix@icloud.com', '01-26-2000', 'M', 'Rua Vereadora Maria Carolina da Costa Carmo', '119', 'Jardim América', 'Itaguaí', '23812750', '02-19-2023', 1);
INSERT INTO CLIENTE(CODCLI, CPF, NOME, SOBRENOME, EMAIL, DATA_NASCIMENTO, SEXO, END_RUA, END_NUM, END_BAIRRO, END_CIDADE, END_CEP, DATA_INDICACAO, CLIENTE_INDICA)
VALUES(CLIENTE_SEQ.NEXTVAL, '64165702200', 'Lisbela', 'Santana', 'lisbelasantana1212@yahoo.com', '02-27-2003', 'F', 'Travessa Zona Ampliada', '124', 'Capoeira', 'Rio Branco', '69905002', '06-28-2022', 8);



INSERT INTO TELEFONES_CLIENTE (cod_cli, numero)
VALUES (1, '9222154516');
INSERT INTO TELEFONES_CLIENTE (cod_cli, numero)
VALUES (2, '4626178260');
INSERT INTO TELEFONES_CLIENTE (cod_cli, numero)
VALUES (3, '8521764767');
INSERT INTO TELEFONES_CLIENTE (cod_cli, numero)
VALUES (4, '8223605635');
INSERT INTO TELEFONES_CLIENTE (cod_cli, numero)
VALUES (5, '9721377068');
INSERT INTO TELEFONES_CLIENTE (cod_cli, numero)
VALUES (6, '6935318027');
INSERT INTO TELEFONES_CLIENTE (cod_cli, numero)
VALUES (7, '8223849959');
INSERT INTO TELEFONES_CLIENTE (cod_cli, numero)
VALUES (8, '9721989561');
INSERT INTO TELEFONES_CLIENTE (cod_cli, numero)
VALUES (9, '1838629824');
INSERT INTO TELEFONES_CLIENTE (cod_cli, numero)
VALUES (10, '9924834549');
INSERT INTO TELEFONES_CLIENTE (cod_cli, numero)
VALUES (3, '7431220952');
INSERT INTO TELEFONES_CLIENTE (cod_cli, numero)
VALUES (2, '9438505223');
INSERT INTO TELEFONES_CLIENTE (cod_cli, numero)
VALUES (6, '6933634523');


INSERT INTO TRANSPORTADORA(CODTRANS, NOME, EMAIL, TELEFONE, SITE, END_RUA, END_NUM, END_BAIRRO, END_CIDADE, END_CEP)
VALUES (TRANSPORTADORA_SEQ.NEXTVAL, 'Full Entregas', 'fullentregas@email.com', '8333334113', 'fullentregas.com', 'Rua Full Entregas', '1000', 'Malvinas', 'Campina Grande', '58417075' );
INSERT INTO TRANSPORTADORA(CODTRANS, NOME, EMAIL, TELEFONE, SITE, END_RUA, END_NUM, END_BAIRRO, END_CIDADE, END_CEP)
VALUES (TRANSPORTADORA_SEQ.NEXTVAL, 'Transportando com Amor', 'transporte.amor@email.com', '8426560895', 'transportandoamor.com', 'Rua Transportando com Amor', '2000', 'Parque Taubateguassu', 'Taubaté', '12071330');
INSERT INTO TRANSPORTADORA(CODTRANS, NOME, EMAIL, TELEFONE, SITE, END_RUA, END_NUM, END_BAIRRO, END_CIDADE, END_CEP)
VALUES (TRANSPORTADORA_SEQ.NEXTVAL, 'Transporte Top', 'transportetop@email.com', '9234682154', 'transportetop.com', 'Rua Transporte Top', '3000', 'Cidade Gerardo Crist', 'Sobral', '62051270');
INSERT INTO TRANSPORTADORA(CODTRANS, NOME, EMAIL, TELEFONE, SITE, END_RUA, END_NUM, END_BAIRRO, END_CIDADE, END_CEP)
VALUES (TRANSPORTADORA_SEQ.NEXTVAL, 'Fast Entregas', 'fastentregas@email.com', '8756868124', 'fastentregas.com', 'Rua Fast Entregas', '4000', 'Paciência', 'Rio de Janeiro', '23585670');
INSERT INTO TRANSPORTADORA(CODTRANS, NOME, EMAIL, TELEFONE, SITE, END_RUA, END_NUM, END_BAIRRO, END_CIDADE, END_CEP)
VALUES (TRANSPORTADORA_SEQ.NEXTVAL, 'Pediu Chegou', 'pediuchegou@email.com', '2133524545', 'pediuchegou.com', 'Rua Pediu Chegou', '5000', 'São Cristóvão', 'Criciúma', '88802502');


INSERT INTO FORNECEDOR (CODFORN, CNPJ, NOME, HOME_PAGE, EMAIL, TELEFONE, END_RUA, END_NUM, END_BAIRRO, END_CIDADE, END_CEP)
VALUES (FORNECEDOR_SEQ.NEXTVAL, '047697320001-00', 'ISIS LTDA.', 'www.saborisis.com.br', 'contato@saborisis.com.br', '(83)35222222', 'R. Manoel Celestino de Paula', '101', 'Alto do Cruzeiro', 'Sousa', '58806658');
INSERT INTO FORNECEDOR (CODFORN, CNPJ, NOME, HOME_PAGE, EMAIL, TELEFONE, END_RUA, END_NUM, END_BAIRRO, END_CIDADE, END_CEP)
VALUES (FORNECEDOR_SEQ.NEXTVAL, '556904580001-01', 'Fornecendo com amor', 'Fornecendo com amor.COM', 'CONTATO@Fornecendoamor.COM', '(45)21540278', 'Rua Santa Quitéria', '1001', 'Santa Mônica', 'Camaragibe', '54767260');
INSERT INTO FORNECEDOR (CODFORN, CNPJ, NOME, HOME_PAGE, EMAIL, TELEFONE, END_RUA, END_NUM, END_BAIRRO, END_CIDADE, END_CEP)
VALUES (FORNECEDOR_SEQ.NEXTVAL, '564174760001-87', 'ALIMENTOS Gems', 'ALIMENTOSGems.COM', 'CONTATO@ALIMENTOS Gems.COM', '(96)22254327', 'Rua Vinte e Sete', '27', 'Recanto do Turu', 'São Luís', '65068888');
INSERT INTO FORNECEDOR (CODFORN, CNPJ, NOME, HOME_PAGE, EMAIL, TELEFONE, END_RUA, END_NUM, END_BAIRRO, END_CIDADE, END_CEP)
VALUES (FORNECEDOR_SEQ.NEXTVAL, '103911940001-57', 'Trilogy Laticínios', 'TrilogyLaticínios.COM', 'CONTATO@TrilogyLaticínios.COM', '(83)23153426', 'Rua Antônio Marinho', '88', 'Bodocongó', 'Campina Grande', '58430250');
INSERT INTO FORNECEDOR (CODFORN, CNPJ, NOME, HOME_PAGE, EMAIL, TELEFONE, END_RUA, END_NUM, END_BAIRRO, END_CIDADE, END_CEP)
VALUES (FORNECEDOR_SEQ.NEXTVAL, '445247010001-03', 'Leandro e Mateus Padaria Ltda', 'WWW.leandroemateuspadarialtda.com.br', 'fiscal@leandroemateuspadarialtda.com.br', '(83)25109571', 'Rua Lopes Trovão', '269', 'Mandacaru', 'João Pessoa', '58027080');
INSERT INTO FORNECEDOR (CODFORN, CNPJ, NOME, HOME_PAGE, EMAIL, TELEFONE, END_RUA, END_NUM, END_BAIRRO, END_CIDADE, END_CEP)
VALUES (FORNECEDOR_SEQ.NEXTVAL, '175296200001-15', 'Lúcia e Heloise Pizzaria Ltda', 'www.luciaeheloisepizzarialtda.com.br', 'faleconosco@luciaeheloisepizzarialtda.com.br', '(83)27027635', 'Rua das Peperônias', '343', 'Mangabeira', 'João Pessoa', '58059714');
INSERT INTO FORNECEDOR (CODFORN, CNPJ, NOME, HOME_PAGE, EMAIL, TELEFONE, END_RUA, END_NUM, END_BAIRRO, END_CIDADE, END_CEP)
VALUES (FORNECEDOR_SEQ.NEXTVAL, '891103820001-10', 'Sophia e Rodrigo Gráfica Ltda', 'www.sophiaerodrigograficaltda.com.br', 'cobranca@sophiaerodrigograficaltda.com.br', '(83)37766713', 'Rua Amazonas', '885', 'Popular', 'Santa Rita', '58301545');
INSERT INTO FORNECEDOR (CODFORN, CNPJ, NOME, HOME_PAGE, EMAIL, TELEFONE, END_RUA, END_NUM, END_BAIRRO, END_CIDADE, END_CEP)
VALUES (FORNECEDOR_SEQ.NEXTVAL, '783621320001-50', 'Felipe e Jorge Doces & Salgados Ltda', 'www.felipeejorgedocessalgadosltda.com.br', 'contato@felipeejorgedocessalgadosltda.com.br', '(83)37931507', 'Rua Frei Pascoal', '221', 'Malvinas', 'Campina Grande', '58432740');
INSERT INTO FORNECEDOR (CODFORN, CNPJ, NOME, HOME_PAGE, EMAIL, TELEFONE, END_RUA, END_NUM, END_BAIRRO, END_CIDADE, END_CEP)
VALUES (FORNECEDOR_SEQ.NEXTVAL, '496910540001-30', 'Valentina e Emily Marcenaria ME', 'www.valentinaeemilymarcenariame.com.br', 'marketing@valentinaeemilymarcenariame.com.br', '(83)37535083', 'Rua Frei Damião de Bozzano', '465', 'Renascer', 'Cabedelo', '58108284');
INSERT INTO FORNECEDOR (CODFORN, CNPJ, NOME, HOME_PAGE, EMAIL, TELEFONE, END_RUA, END_NUM, END_BAIRRO, END_CIDADE, END_CEP)
VALUES (FORNECEDOR_SEQ.NEXTVAL, '695002690001-33', 'Sabrina e Emilly Comercio de Bebidas ME', 'www.sabrinaeemillycomerciodebebidasme.com.br', 'cobranca@sabrinaeemillycomerciodebebidasme.com.br', '(83)28658387', 'Rua Maria Batista Palitot', '397', 'Ipês', 'João Pessoa', '58028430');


INSERT INTO CATEGORIA (CODCAT, NOME) VALUES (CATEGORIA_SEQ.NEXTVAL, 'jogos');
INSERT INTO CATEGORIA (CODCAT, NOME) VALUES (CATEGORIA_SEQ.NEXTVAL, 'informatica');
INSERT INTO CATEGORIA (CODCAT, NOME) VALUES (CATEGORIA_SEQ.NEXTVAL, 'alimentos vegetais');
INSERT INTO CATEGORIA (CODCAT, NOME) VALUES (CATEGORIA_SEQ.NEXTVAL, 'alimentos animais');
INSERT INTO CATEGORIA (CODCAT, NOME) VALUES (CATEGORIA_SEQ.NEXTVAL, 'maquiagem');
INSERT INTO CATEGORIA (CODCAT, NOME) VALUES (CATEGORIA_SEQ.NEXTVAL, 'cama, mesa e banho');
INSERT INTO CATEGORIA (CODCAT, NOME) VALUES (CATEGORIA_SEQ.NEXTVAL, 'eletrodomesticos');
INSERT INTO CATEGORIA (CODCAT, NOME) VALUES (CATEGORIA_SEQ.NEXTVAL, 'limpesa');
INSERT INTO CATEGORIA (CODCAT, NOME) VALUES (CATEGORIA_SEQ.NEXTVAL, 'brinquedos');
INSERT INTO CATEGORIA (CODCAT, NOME) VALUES (CATEGORIA_SEQ.NEXTVAL, 'moveis');


--3 acima de 10 3 abaixo de 10 produto 3 com compra por 11 e venda 22.5 --outros 3 com diferenca de mais de 365 dias--
--cat 1 action figure
--cat 2 informatica
--CAT 3 limpeza
--cat 4 alimentacao


--goku sai por mais de 30% e tem diff de validade maior que 365 dias
INSERT INTO PRODUTO (CODPROD, NOME, PRECO_COMPRA, PRECO_VENDA, DATA_FABRICACAO, DESCRICAO, ESPECIFICACAO, DATA_VALIDADE, COD_CATEGORIA, QUANTIDADE)
VALUES (PRODUTO_SEQ.NEXTVAL,'Goku Action Figure', 29.99, 100.00, TO_DATE('2023-05-25', 'YYYY-MM-DD'), 'Detailed action figure of Goku from Dragon Ball Z', 
'Material: PVC plastic; Height: 6 inches; Comes with multiple interchangeable hands and a power effect accessory.', TO_DATE('2034-12-31', 'YYYY-MM-DD'), 9, 10);

--preco mais que 30%
INSERT INTO PRODUTO (CODPROD, NOME, PRECO_COMPRA, PRECO_VENDA, DATA_FABRICACAO, DESCRICAO, ESPECIFICACAO, DATA_VALIDADE, COD_CATEGORIA, QUANTIDADE)
VALUES (PRODUTO_SEQ.NEXTVAL,'Placa de Vídeo RX 6600 CLD 8G ASRock AMD Radeon 8GB GDDR6',800.56,1489.80,TO_DATE('2022-06-25','YYYY-MM-DD'),'Placa de video gamer','
- AMD Radeon RX 6600
- Processadores de fluxo: 1792
Engine Clock:
- Boost Clock: até 2491 MHz
- Game Clock: até 2044 MHz
- Base Clock: 1626 MHz
Interface:
- PCI Express 4.0
Memória:
- Capacidade: 8GB',TO_DATE('2030-12-29','YYYY-MM-DD'),7,30);

--tem preco de compra e venda menor que 30 % mas validade + 365
INSERT INTO PRODUTO (CODPROD, NOME, PRECO_COMPRA, PRECO_VENDA, DATA_FABRICACAO, DESCRICAO, ESPECIFICACAO, DATA_VALIDADE, COD_CATEGORIA, QUANTIDADE)
VALUES (PRODUTO_SEQ.NEXTVAL,'Cabo USB Tipo C Xiaomi',30.50,40.30,TO_DATE('2021-01-05','YYYY-MM-DD'),'Cabo USB','
- Comprimento do Cabo: 100 cm
- Conector de Entrada: USB tipo A
- Conector de Saída: USB tipo C
- Suporte a Carregamento Rápido
- Corrente Nominal: 2.1A
- Material: Cabo trançado de material Kevlar',TO_DATE('2023-12-29','YYYY-MM-DD'),7,30);


---PRODUTO VENDE POR MENOS DE 10
INSERT INTO PRODUTO (CODPROD, NOME, PRECO_COMPRA, PRECO_VENDA, DATA_FABRICACAO, DESCRICAO, ESPECIFICACAO, DATA_VALIDADE, COD_CATEGORIA, QUANTIDADE)
VALUES (PRODUTO_SEQ.NEXTVAL,'Limpador Perfumado Lavanda frasco 120ml',2.50,9.30,TO_DATE('2023-01-29','YYYY-MM-DD'),'Limpador','Limpador Perfumado',TO_DATE('2024-01-29','YYYY-MM-DD'),8,100);

---PRODUTO VENDE POR MENOS DE 10
INSERT INTO PRODUTO (CODPROD, NOME, PRECO_COMPRA, PRECO_VENDA, DATA_FABRICACAO, DESCRICAO, ESPECIFICACAO, DATA_VALIDADE, COD_CATEGORIA, QUANTIDADE)
VALUES (PRODUTO_SEQ.NEXTVAL,'Água Sanitária Super Clean', 1, 6, TO_DATE('2023-05-25', 'YYYY-MM-DD'),'Água sanitária para desinfecção e limpeza', 'Capacidade: 1 litro', TO_DATE('2024-05-25', 'YYYY-MM-DD'),8, 50);


---PRODUTO VENDE POR MENOS DE 10
INSERT INTO PRODUTO (CODPROD, NOME, PRECO_COMPRA, PRECO_VENDA, DATA_FABRICACAO, DESCRICAO, ESPECIFICACAO, DATA_VALIDADE, COD_CATEGORIA, QUANTIDADE)
VALUES (PRODUTO_SEQ.NEXTVAL,'Agua Mineral Cristal Sem Gás 510 Ml',1,7,TO_DATE('2023-06-23','YYYY-MM-DD'),'Agua mineral 6 unidades','Marca	Cristal
Linha	Classic
Tipo de embalagem	Garrafa
Formato de venda	Kit
Unidades por kit	12
Volume da unidade	510 mL
Com gás	Não',TO_DATE('2023-09-25','YYYY-MM-DD'),4,30);

---PRODUTOR VENDE POR MENOS DE 10

INSERT INTO PRODUTO (CODPROD, NOME, PRECO_COMPRA, PRECO_VENDA, DATA_FABRICACAO, DESCRICAO, ESPECIFICACAO, DATA_VALIDADE, COD_CATEGORIA, QUANTIDADE)
VALUES (PRODUTO_SEQ.NEXTVAL,'CAJUINA SÃO GERALDO',5.50,9.90,TO_DATE('2023-01-10','YYYY-MM-DD'),'REFRIGERANTE DE CAJU','
Marca	Cristal
Linha	Classic
Tipo de embalagem	Garrafa
Formato de venda	Kit
Unidades por kit	12
Volume da unidade	510 mL
Com gás	Não',TO_DATE('2023-06-10','YYYY-MM-DD'),4,100);


INSERT INTO FORNECIMENTO(CODIGO_PRODUTO,CODIGO_FORNECEDOR) VALUES (1,5);
INSERT INTO FORNECIMENTO(CODIGO_PRODUTO,CODIGO_FORNECEDOR) VALUES (2,7);
INSERT INTO FORNECIMENTO(CODIGO_PRODUTO,CODIGO_FORNECEDOR) VALUES (3,7);
INSERT INTO FORNECIMENTO(CODIGO_PRODUTO,CODIGO_FORNECEDOR) VALUES (4,2);
INSERT INTO FORNECIMENTO(CODIGO_PRODUTO,CODIGO_FORNECEDOR) VALUES (5,3);
INSERT INTO FORNECIMENTO(CODIGO_PRODUTO,CODIGO_FORNECEDOR) VALUES (6,3);
INSERT INTO FORNECIMENTO(CODIGO_PRODUTO,CODIGO_FORNECEDOR) VALUES (7,3);


INSERT INTO ORDEM_DE_COMPRA (CODORDEM, DATA_COMPRA, STATUS, DESCONTO, VALOR_FRETE, END_RUA, END_NUM, END_BAIRRO, END_CIDADE, END_CEP, CODIGO_CLIENTE, CODIGO_TRANSPORTADORA)
VALUES (ORDEM_DE_COMPRA_SEQ.NEXTVAL,TO_DATE('2023-05-29','YYYY-MM-DD'),'EM SEPARACAO',0,10,'Travessa Oitava da Setentrional','72B','Araxá','Macapá','68903777',2,1);
INSERT INTO ORDEM_DE_COMPRA (CODORDEM, DATA_COMPRA, STATUS, DESCONTO, VALOR_FRETE, END_RUA, END_NUM, END_BAIRRO, END_CIDADE, END_CEP, CODIGO_CLIENTE, CODIGO_TRANSPORTADORA)
VALUES (ORDEM_DE_COMPRA_SEQ.NEXTVAL,TO_DATE('2023-04-27','YYYY-MM-DD'),'EM TRANSPORTE',10,20,'Rua Brasilândia',14,'Tiradentes','Campo Grande','79041050',3,1);
INSERT INTO ORDEM_DE_COMPRA (CODORDEM, DATA_COMPRA, STATUS, DESCONTO, VALOR_FRETE, END_RUA, END_NUM, END_BAIRRO, END_CIDADE, END_CEP, CODIGO_CLIENTE, CODIGO_TRANSPORTADORA)
VALUES (ORDEM_DE_COMPRA_SEQ.NEXTVAL,TO_DATE('2023-03-27','YYYY-MM-DD'),'FINALIZADA',0,30,'Quadra QNM 7','18C','Ceilândia Sul','Brasília','72215070',4,3);
INSERT INTO ORDEM_DE_COMPRA (CODORDEM, DATA_COMPRA, STATUS, DESCONTO, VALOR_FRETE, END_RUA, END_NUM, END_BAIRRO, END_CIDADE, END_CEP, CODIGO_CLIENTE, CODIGO_TRANSPORTADORA)
VALUES (ORDEM_DE_COMPRA_SEQ.NEXTVAL,TO_DATE('2023-03-27','YYYY-MM-DD'),'FINALIZADA',0,0,'Quadra EQNN 22/24 Bloco F','07F','Ceilândia Sul','Brasília','72220576',5,3);

INSERT INTO ORDEM_DE_COMPRA (CODORDEM, DATA_COMPRA, STATUS, DESCONTO, VALOR_FRETE, END_RUA, END_NUM, END_BAIRRO, END_CIDADE, END_CEP, CODIGO_CLIENTE, CODIGO_TRANSPORTADORA)
VALUES (ORDEM_DE_COMPRA_SEQ.NEXTVAL,TO_DATE('2023-06-06','YYYY-MM-DD'),'AGUARDANDO PAGAMENTO',5,12,'Rua ED 7','195','Setor Estrela Dalva','Goiânia','74475744',6,1);
INSERT INTO ORDEM_DE_COMPRA (CODORDEM, DATA_COMPRA, STATUS, DESCONTO, VALOR_FRETE, END_RUA, END_NUM, END_BAIRRO, END_CIDADE, END_CEP, CODIGO_CLIENTE, CODIGO_TRANSPORTADORA)
VALUES (ORDEM_DE_COMPRA_SEQ.NEXTVAL,TO_DATE('2020-01-06','YYYY-MM-DD'),'FINALIZADA',15,15,'Rua Projetada 84','S/N','Conduru','Picos','64608370',7,2);
INSERT INTO ORDEM_DE_COMPRA (CODORDEM, DATA_COMPRA, STATUS, DESCONTO, VALOR_FRETE, END_RUA, END_NUM, END_BAIRRO, END_CIDADE, END_CEP, CODIGO_CLIENTE, CODIGO_TRANSPORTADORA)
VALUES (ORDEM_DE_COMPRA_SEQ.NEXTVAL,TO_DATE('2020-01-06','YYYY-MM-DD'),'FINALIZADA',0,25,'Rua Joaquim Gomes Ferreira','203','Vargem Grande','Rio de Janeiro','22785660',8,4);
INSERT INTO ORDEM_DE_COMPRA (CODORDEM, DATA_COMPRA, STATUS, DESCONTO, VALOR_FRETE, END_RUA, END_NUM, END_BAIRRO, END_CIDADE, END_CEP, CODIGO_CLIENTE, CODIGO_TRANSPORTADORA)
VALUES (ORDEM_DE_COMPRA_SEQ.NEXTVAL,TO_DATE('2023-04-06','YYYY-MM-DD'),'EM TRANSPORTE',11,20,'Rua Vereadora Maria Carolina da Costa Carmo','119','Jardim América','Itaguaí','23812750',9,1);
INSERT INTO ORDEM_DE_COMPRA (CODORDEM, DATA_COMPRA, STATUS, DESCONTO, VALOR_FRETE, END_RUA, END_NUM, END_BAIRRO, END_CIDADE, END_CEP, CODIGO_CLIENTE, CODIGO_TRANSPORTADORA)
VALUES (ORDEM_DE_COMPRA_SEQ.NEXTVAL,TO_DATE('2023-02-06','YYYY-MM-DD'),'AGUARDANDO PAGAMENTO',10,30,'Travessa Zona Ampliada','124','Capoeira','Rio Branco','69905002',10,1);

INSERT INTO NOTA_FISCAL(CODNF, NUMERO, SERIE, INSCRICAO_ESTADUAL, CHAVE_ACESSO, DATA_NF, VALOR_TOTAL, COD_ORDEM_COMPRA)
VALUES (NOTA_FISCAL_SEQ.NEXTVAL,'101.101.101','1','123456789','441',TO_DATE('2023-05-29','YYYY-MM-DD'),7,1);
INSERT INTO NOTA_FISCAL(CODNF, NUMERO, SERIE, INSCRICAO_ESTADUAL, CHAVE_ACESSO, DATA_NF, VALOR_TOTAL, COD_ORDEM_COMPRA)
VALUES (NOTA_FISCAL_SEQ.NEXTVAL,'202.202.202','1','123456789','442',TO_DATE('2023-04-27','YYYY-MM-DD'),1489.80,2);
INSERT INTO NOTA_FISCAL(CODNF, NUMERO, SERIE, INSCRICAO_ESTADUAL, CHAVE_ACESSO, DATA_NF, VALOR_TOTAL, COD_ORDEM_COMPRA)
VALUES (NOTA_FISCAL_SEQ.NEXTVAL,'302.302.302','1','123456789','443',TO_DATE('2023-03-27','YYYY-MM-DD'),100,3);
INSERT INTO NOTA_FISCAL(CODNF, NUMERO, SERIE, INSCRICAO_ESTADUAL, CHAVE_ACESSO, DATA_NF, VALOR_TOTAL, COD_ORDEM_COMPRA)
VALUES (NOTA_FISCAL_SEQ.NEXTVAL,'402.204.402','1','123456789','444',TO_DATE('2023-03-27','YYYY-MM-DD'),140.3,4);
INSERT INTO NOTA_FISCAL(CODNF, NUMERO, SERIE, INSCRICAO_ESTADUAL, CHAVE_ACESSO, DATA_NF, VALOR_TOTAL, COD_ORDEM_COMPRA)
VALUES (NOTA_FISCAL_SEQ.NEXTVAL,'502.502.205','1','123456789','445',TO_DATE('2023-06-06','YYYY-MM-DD'),7,5);
INSERT INTO NOTA_FISCAL(CODNF, NUMERO, SERIE, INSCRICAO_ESTADUAL, CHAVE_ACESSO, DATA_NF, VALOR_TOTAL, COD_ORDEM_COMPRA)
VALUES (NOTA_FISCAL_SEQ.NEXTVAL,'602.502.205','1','123456789','446',TO_DATE('2020-01-06','YYYY-MM-DD'),6,6);
INSERT INTO NOTA_FISCAL(CODNF, NUMERO, SERIE, INSCRICAO_ESTADUAL, CHAVE_ACESSO, DATA_NF, VALOR_TOTAL, COD_ORDEM_COMPRA)
VALUES (NOTA_FISCAL_SEQ.NEXTVAL,'702.502.205','2','123456789','447',TO_DATE('2020-01-06','YYYY-MM-DD'),1489.80,7);
INSERT INTO NOTA_FISCAL(CODNF, NUMERO, SERIE, INSCRICAO_ESTADUAL, CHAVE_ACESSO, DATA_NF, VALOR_TOTAL, COD_ORDEM_COMPRA)
VALUES (NOTA_FISCAL_SEQ.NEXTVAL,'802.502.205','2','123456789','448',TO_DATE('2023-04-06','YYYY-MM-DD'),9.3,8);
INSERT INTO NOTA_FISCAL(CODNF, NUMERO, SERIE, INSCRICAO_ESTADUAL, CHAVE_ACESSO, DATA_NF, VALOR_TOTAL, COD_ORDEM_COMPRA)
VALUES (NOTA_FISCAL_SEQ.NEXTVAL,'902.502.205','2','123456789','449',TO_DATE('2023-02-06','YYYY-MM-DD'),9.9,9);

INSERT INTO COMPRA_PRODUTO(CODIGO_COMPRA, CODIGO_PRODUTO, QUANTIDADE, VALOR_ATUAL)
VALUES (1, 1, 10, 1010);
INSERT INTO COMPRA_PRODUTO(CODIGO_COMPRA, CODIGO_PRODUTO, QUANTIDADE, VALOR_ATUAL)
VALUES (2, 2, 10, 14918);
INSERT INTO COMPRA_PRODUTO(CODIGO_COMPRA, CODIGO_PRODUTO, QUANTIDADE, VALOR_ATUAL)
VALUES (3, 3, 10, 433);
INSERT INTO COMPRA_PRODUTO(CODIGO_COMPRA, CODIGO_PRODUTO, QUANTIDADE, VALOR_ATUAL)
VALUES (4, 4, 10, 93);
INSERT INTO COMPRA_PRODUTO(CODIGO_COMPRA, CODIGO_PRODUTO, QUANTIDADE, VALOR_ATUAL)
VALUES (5, 5, 10, 67);
INSERT INTO COMPRA_PRODUTO(CODIGO_COMPRA, CODIGO_PRODUTO, QUANTIDADE, VALOR_ATUAL)
VALUES (6, 6, 10,70);
INSERT INTO COMPRA_PRODUTO(CODIGO_COMPRA, CODIGO_PRODUTO, QUANTIDADE, VALOR_ATUAL)
VALUES (7, 7, 10, 124);
INSERT INTO COMPRA_PRODUTO(CODIGO_COMPRA, CODIGO_PRODUTO, QUANTIDADE, VALOR_ATUAL)
VALUES (8, 1, 8, 809);
INSERT INTO COMPRA_PRODUTO(CODIGO_COMPRA, CODIGO_PRODUTO, QUANTIDADE, VALOR_ATUAL)
VALUES (9, 2, 5, 7469);
-- Não faz sentido ter essas outras Compras, já que há apenas 9 ordem_compra
-- INSERT INTO COMPRA_PRODUTO(CODIGO_COMPRA, CODIGO_PRODUTO, QUANTIDADE, VALOR_ATUAL)
-- VALUES (10, 7, 10, 99);
-- INSERT INTO COMPRA_PRODUTO(CODIGO_COMPRA, CODIGO_PRODUTO, QUANTIDADE, VALOR_ATUAL)
-- VALUES (11, 3, 1, 40.3);
-- INSERT INTO COMPRA_PRODUTO(CODIGO_COMPRA, CODIGO_PRODUTO, QUANTIDADE, VALOR_ATUAL)
-- VALUES (12, 1, 12, 1200);
-- INSERT INTO COMPRA_PRODUTO(CODIGO_COMPRA, CODIGO_PRODUTO, QUANTIDADE, VALOR_ATUAL)
-- VALUES (13, 3, 15, 604.5);
-- INSERT INTO COMPRA_PRODUTO(CODIGO_COMPRA, CODIGO_PRODUTO, QUANTIDADE, VALOR_ATUAL)
-- VALUES (14, 4, 11,102.3);
-- INSERT INTO COMPRA_PRODUTO(CODIGO_COMPRA, CODIGO_PRODUTO, QUANTIDADE, VALOR_ATUAL)
-- VALUES (15, 5, 1, 6);



INSERT INTO COMPRA_AVALIA_PRODUTO(CODIGO_COMPRA, CODIGO_PRODUTO, NOTA, DESCRICAO)
VALUES (1, 1, 1, 'Produto chegou defeituoso');
INSERT INTO COMPRA_AVALIA_PRODUTO(CODIGO_COMPRA, CODIGO_PRODUTO, NOTA, DESCRICAO)
VALUES (3, 3, 5, 'Ótima qualidade e atendimento');
INSERT INTO COMPRA_AVALIA_PRODUTO(CODIGO_COMPRA, CODIGO_PRODUTO, NOTA, DESCRICAO)
VALUES (4, 4, 3, 'Embalagem danificada, produto OK');
INSERT INTO COMPRA_AVALIA_PRODUTO(CODIGO_COMPRA, CODIGO_PRODUTO, NOTA, DESCRICAO)
VALUES (6, 6, 5, 'Produto conforme o esperado');
INSERT INTO COMPRA_AVALIA_PRODUTO(CODIGO_COMPRA, CODIGO_PRODUTO, NOTA, DESCRICAO)
VALUES (7, 7, 3, 'Atendimento ao cliente precisa melhorar');
